Expenses,Income,Month,Quarter,Is_Summer,Expenses_Lag_1,Income_Lag_1,Expenses_Lag_2,Income_Lag_2,Expenses_Lag_3,Income_Lag_3,Expenses_Lag_12,Income_Lag_12,Expenses_Rolling_3_Mean,Expenses_Rolling_3_Std,Expenses_Rolling_6_Mean,Expenses_EMA_3,Food_Lag_1,"Food, Vacations_Lag_1",Investment_Lag_1,"Invoice, Vacations_Lag_1",Leisure_Lag_1
-170.65,100.0,6,2,1,-133.79,55.0,-66.06,82.0,-104.77000000000001,75.0,-103.02,75.0,-101.54000000000002,33.980331075491264,-109.32000000000001,-110.18362034349175,-53.989999999999995,0.0,-40.0,0.0,-39.8
-132.92,613.99,7,3,1,-170.65,100.0,-133.79,55.0,-66.06,82.0,-98.46000000000001,2680.01,-123.50000000000004,53.04884635880408,-113.64833333333335,-140.41681017174588,-76.5,0.0,-20.0,0.0,-74.15
-80.54,1946.97,8,3,1,-132.92,613.99,-170.65,100.0,-133.79,55.0,-128.4,845.69,-145.7866666666667,21.536671825826225,-119.19000000000001,-136.66840508587293,-61.92,0.0,-40.0,0.0,-31.0
-153.58,100.0,9,3,1,-80.54,1946.97,-132.92,613.99,-170.65,100.0,-241.58,205.0,-128.0366666666667,45.25304667459789,-114.78833333333334,-108.60420254293646,0.0,0.0,-20.0,0.0,-60.54
-139.3,1393.49,10,4,0,-153.58,100.0,-80.54,1946.97,-132.92,613.99,-108.60000000000001,100.0,-122.34666666666669,37.65045727920625,-122.92333333333335,-131.09210127146824,-97.08,0.0,-40.0,0.0,-16.5
-390.21,729.58,11,4,0,-139.3,1393.49,-153.58,100.0,-80.54,1946.97,-63.95,400.0,-124.47333333333336,38.71153488733475,-135.13000000000002,-135.19605063573414,-88.92,0.0,-20.0,0.0,-30.380000000000003
-351.1,681.2900000000001,12,4,0,-390.21,729.58,-139.3,1393.49,-153.58,100.0,-144.68,475.0,-227.6966666666667,140.92167055968835,-177.8666666666667,-262.70302531786706,-26.52,-4.5,-200.0,-46.79,-112.4
-221.17,881.2900000000001,1,1,0,-351.1,681.2900000000001,-390.21,729.58,-139.3,1393.49,-99.67,77.0,-293.5366666666667,134.99670378691968,-207.9416666666667,-306.90151265893354,-49.8,0.0,-200.0,0.0,-101.3
-322.1,629.58,2,1,0,-221.17,881.2900000000001,-351.1,681.2900000000001,-390.21,729.58,-106.94999999999999,70.76,-320.82666666666665,88.49286091732678,-222.65,-264.0357563294668,-6.97,0.0,-200.0,0.0,-14.2
