Expenses,Income,Month,Quarter,Is_Summer,Expenses_Lag_1,Income_Lag_1,Expenses_Lag_2,Income_Lag_2,Expenses_Lag_3,Income_Lag_3,Expenses_Lag_12,Income_Lag_12,Expenses_Rolling_3_Mean,Expenses_Rolling_3_Std,Expenses_Rolling_6_Mean,Expenses_EMA_3,Food_Lag_1,"Food, Vacations_Lag_1",Investment_Lag_1,"Invoice, Vacations_Lag_1",Leisure_Lag_1
-108.60000000000001,100.0,10,4,0,-241.58,205.0,-128.4,845.69,-98.46000000000001,2680.01,-102.57,90.0,-156.14666666666668,75.48669904912613,-122.51333333333336,-177.62680793388762,0.0,0.0,-20.0,0.0,-221.58
-63.95,400.0,11,4,0,-108.60000000000001,100.0,-241.58,205.0,-128.4,845.69,-92.3,65.0,-159.52666666666667,71.74658272930732,-133.8716666666667,-143.11340396694382,-60.2,0.0,-20.0,0.0,-28.4
-144.68,475.0,12,4,0,-63.95,400.0,-108.60000000000001,100.0,-241.58,205.0,-116.45,135.0,-138.04333333333338,92.40284970353099,-124.00166666666668,-103.53170198347192,-43.95,0.0,-20.0,0.0,0.0
-99.67,77.0,1,1,0,-144.68,475.0,-63.95,400.0,-108.60000000000001,100.0,-23.0,150.0,-105.74333333333335,40.440742245084124,-130.94500000000002,-124.10585099173596,-52.1,0.0,-20.0,0.0,-72.58
-106.94999999999999,70.76,2,1,0,-99.67,77.0,-144.68,475.0,-63.95,400.0,-153.77,120.0,-102.7666666666667,40.453989090488115,-131.14666666666668,-111.88792549586799,-30.669999999999998,0.0,-20.0,0.0,-49.0
-104.77000000000001,75.0,3,1,0,-106.94999999999999,70.76,-99.67,77.0,-144.68,475.0,-84.32,125.0,-117.10000000000002,24.1607512300425,-127.5716666666667,-109.41896274793399,-71.35,0.0,-20.0,0.0,-15.6
-66.06,82.0,4,2,0,-104.77000000000001,75.0,-106.94999999999999,70.76,-99.67,77.0,-40.45,101.8,-103.79666666666668,3.7363261813352504,-104.77000000000002,-107.094481373967,0.0,0.0,-40.0,0.0,-64.77000000000001
-133.79,55.0,5,2,0,-66.06,82.0,-104.77000000000001,75.0,-106.94999999999999,70.76,-123.17,50.0,-92.59333333333335,23.004378568727503,-97.68,-86.5772406869835,-40.0,0.0,-20.0,0.0,-6.0600000000000005
