Expenses,Income,Month,Quarter,Is_Summer,Expenses_Lag_1,Income_Lag_1,Expenses_Lag_2,Income_Lag_2,Expenses_Lag_3,Income_Lag_3,Expenses_Lag_12,Income_Lag_12,Expenses_Rolling_3_Mean,Expenses_Rolling_3_Std,Expenses_Rolling_6_Mean,Expenses_EMA_3,Food_Lag_1,"Food, Vacations_Lag_1",Investment_Lag_1,Invoice_Lag_1,"Invoice, Vacations_Lag_1",Leisure_Lag_1,"Leisure, Vacations_Lag_1"
-132.6,100.0,10,4,0,-684.88,205.0,-161.10999999999999,845.69,-898.46,2680.01,-178.97,90.0,-581.4833333333335,379.3934746847043,-357.4866666666667,-515.0743331518574,0.0,0.0,-20.0,-28.0,0.0,-221.58,-415.3
-69.95,400.0,11,4,0,-132.6,100.0,-684.88,205.0,-161.10999999999999,845.69,-111.81,65.0,-326.1966666666668,310.955793053182,-364.0133333333333,-323.83716657592873,-60.2,0.0,-20.0,-24.0,0.0,-28.4,0.0
-225.29,475.0,12,4,0,-69.95,400.0,-132.6,100.0,-684.88,205.0,-191.94,135.0,-295.81000000000006,338.3974797482984,-352.7866666666667,-196.89358328796436,-43.95,0.0,-20.0,-6.0,0.0,0.0,0.0
-108.72,77.0,1,1,0,-225.29,475.0,-69.95,400.0,-132.6,100.0,-114.45,150.0,-142.6133333333334,78.15260093773827,-362.04833333333335,-211.09179164398216,-52.1,0.0,-20.0,-80.61,0.0,-72.58,0.0
-129.92,70.76,2,1,0,-108.72,77.0,-225.29,475.0,-69.95,400.0,-197.89,120.0,-134.65333333333342,80.85191545865422,-230.42500000000004,-159.90589582199107,-30.669999999999998,0.0,-20.0,-9.05,0.0,-49.0,0.0
-116.89,75.0,3,1,0,-129.92,70.76,-108.72,77.0,-225.29,475.0,-304.96,125.0,-154.6433333333334,62.09326560371399,-225.2266666666667,-144.9129479109955,-71.35,0.0,-20.0,-22.97,0.0,-15.6,0.0
-162.29000000000002,82.0,4,2,0,-116.89,75.0,-129.92,70.76,-108.72,77.0,-93.44,101.8,-118.51000000000006,10.692441255393272,-130.5616666666667,-130.90147395549775,0.0,0.0,-40.0,-12.12,0.0,-64.77000000000001,0.0
-157.88,55.0,5,2,0,-162.29000000000002,82.0,-116.89,75.0,-129.92,70.76,-137.31,50.0,-136.36666666666676,23.37647606747797,-135.51000000000002,-146.59573697774889,-40.0,0.0,-20.0,-96.23,0.0,-6.0600000000000005,0.0
