Expenses,Income,Month,Quarter,Is_Summer,Expenses_Lag_1,Income_Lag_1,Expenses_Lag_2,Income_Lag_2,Expenses_Lag_3,Income_Lag_3,Expenses_Lag_12,Income_Lag_12,Expenses_Rolling_3_Mean,Expenses_Rolling_3_Std,Expenses_Rolling_6_Mean,Expenses_EMA_3,Food_Lag_1,"Food, Vacations_Lag_1",Investment_Lag_1,Invoice_Lag_1,"Invoice, Vacations_Lag_1",Leisure_Lag_1,"Leisure, Vacations_Lag_1"
-1046.5900000000001,100.0,6,2,1,-157.88,55.0,-162.29000000000002,82.0,-116.89,75.0,-169.72,75.0,-145.68666666666675,25.03593484041228,-150.16500000000002,-152.23786848887443,-53.989999999999995,0.0,-40.0,-24.09,0.0,-39.8,0.0
-141.0,613.99,7,3,1,-1046.5900000000001,100.0,-157.88,55.0,-162.29000000000002,82.0,-898.46,2680.01,-455.5866666666668,511.8286500708351,-287.04833333333335,-599.4139342444373,-76.5,0.0,-20.0,-85.94,0.0,-74.15,-790.0
-778.0900000000001,1946.97,8,3,1,-141.0,613.99,-1046.5900000000001,100.0,-157.88,55.0,-161.10999999999999,845.69,-448.4900000000002,518.0385517507361,-292.42833333333334,-370.20696712221866,-61.92,0.0,-40.0,-8.08,0.0,-31.0,0.0
-193.63,100.0,9,3,1,-778.0900000000001,1946.97,-141.0,613.99,-1046.5900000000001,100.0,-684.88,205.0,-655.2266666666668,465.1288649754317,-400.45666666666676,-574.1484835611094,0.0,0.0,-20.0,-18.23,0.0,-60.54,-679.32
-484.0,1393.49,10,4,0,-193.63,100.0,-778.0900000000001,1946.97,-141.0,613.99,-132.6,100.0,-370.90666666666675,353.61162231088133,-413.2466666666667,-383.8892417805547,-97.08,0.0,-40.0,-40.05,0.0,-16.5,0.0
-536.66,729.58,11,4,0,-484.0,1393.49,-193.63,100.0,-778.0900000000001,1946.97,-69.95,400.0,-485.24000000000007,292.2319730967165,-466.86500000000007,-433.94462089027735,-88.92,0.0,-20.0,-344.7,0.0,-30.380000000000003,0.0
-479.71,681.2900000000001,12,4,0,-536.66,729.58,-484.0,1393.49,-193.63,100.0,-225.29,475.0,-404.7633333333334,184.73286722544347,-529.995,-485.3023104451387,-26.52,-4.5,-200.0,-142.85,-46.79,-112.4,-3.6
-730.62,881.2900000000001,1,1,0,-479.71,681.2900000000001,-536.66,729.58,-484.0,1393.49,-108.72,77.0,-500.1233333333334,31.71430329257314,-435.51500000000004,-482.5061552225693,-49.8,0.0,-200.0,-128.61,0.0,-101.3,0.0
-399.6,629.58,2,1,0,-730.62,881.2900000000001,-479.71,681.2900000000001,-536.66,729.58,-129.92,70.76,-582.33,131.54188952573236,-533.785,-606.5630776112846,-6.97,0.0,-200.0,-79.64,0.0,-14.2,-429.81
