Expenses,Income,Month,Quarter,Is_Summer,Expenses_Lag_1,Income_Lag_1,Expenses_Lag_2,Income_Lag_2,Expenses_Lag_3,Income_Lag_3,Expenses_Lag_12,Income_Lag_12,Expenses_Rolling_3_Mean,Expenses_Rolling_3_Std,Expenses_Rolling_6_Mean,Expenses_EMA_3,Food_Lag_1,"Food, Vacations_Lag_1",Investment_Lag_1,Invoice_Lag_1,"Invoice, Vacations_Lag_1",Leisure_Lag_1,"Leisure, Vacations_Lag_1"
-108.72,77.0,1,1,0,-225.29,475.0,-69.95,400.0,-132.6,100.0,-114.45,150.0,-142.6133333333334,78.15260093773911,-362.04833333333335,-211.09179164398216,-52.1,0.0,-20.0,-80.61,0.0,-72.58,0.0
-129.92,70.76,2,1,0,-108.72,77.0,-225.29,475.0,-69.95,400.0,-197.89,120.0,-134.65333333333342,80.85191545865504,-230.42499999999998,-159.90589582199107,-30.669999999999998,0.0,-20.0,-9.05,0.0,-49.0,0.0
-116.89,75.0,3,1,0,-129.92,70.76,-108.72,77.0,-225.29,475.0,-304.96,125.0,-154.6433333333334,62.09326560371501,-225.22666666666666,-144.9129479109955,-71.35,0.0,-20.0,-22.97,0.0,-15.6,0.0
-162.29000000000002,82.0,4,2,0,-116.89,75.0,-129.92,70.76,-108.72,77.0,-93.44,101.8,-118.51000000000006,10.692441255399812,-130.56166666666664,-130.90147395549775,0.0,0.0,-40.0,-12.12,0.0,-64.77000000000001,0.0
-157.88,55.0,5,2,0,-162.29000000000002,82.0,-116.89,75.0,-129.92,70.76,-137.31,50.0,-136.36666666666676,23.376476067480827,-135.50999999999996,-146.59573697774889,-40.0,0.0,-20.0,-96.23,0.0,-6.0600000000000005,0.0
-1046.5900000000001,100.0,6,2,1,-157.88,55.0,-162.29000000000002,82.0,-116.89,75.0,-169.72,75.0,-145.68666666666675,25.035934840414885,-150.165,-152.23786848887443,-53.989999999999995,0.0,-40.0,-24.09,0.0,-39.8,0.0
-141.0,613.99,7,3,1,-1046.5900000000001,100.0,-157.88,55.0,-162.29000000000002,82.0,-898.46,2680.01,-455.5866666666668,511.8286500708352,-287.04833333333335,-599.4139342444373,-76.5,0.0,-20.0,-85.94,0.0,-74.15,-790.0
-778.0900000000001,1946.97,8,3,1,-141.0,613.99,-1046.5900000000001,100.0,-157.88,55.0,-161.10999999999999,845.69,-448.4900000000002,518.0385517507361,-292.42833333333334,-370.20696712221866,-61.92,0.0,-40.0,-8.08,0.0,-31.0,0.0
