Expenses,Income,Month,Quarter,Is_Summer,Expenses_Lag_1,Income_Lag_1,Expenses_Lag_2,Income_Lag_2,Expenses_Lag_3,Income_Lag_3,Expenses_Lag_12,Income_Lag_12,Expenses_Rolling_3_Mean,Expenses_Rolling_3_Std,Expenses_Rolling_6_Mean,Expenses_EMA_3,Food_Lag_1,"Food, Vacations_Lag_1",Investment_Lag_1,Invoice_Lag_1,"Invoice, Vacations_Lag_1",Leisure_Lag_1,"Leisure, Vacations_Lag_1"
-169.72,75.0,6,2,1,-137.31,50.0,-93.44,101.8,-304.96,125.0,-188.41,255.0,-178.57000000000008,111.63318637394593,-173.33166666666662,-151.06933042971883,-33.75,0.0,-40.0,-14.14,0.0,-49.42,0.0
-898.46,2680.01,7,3,1,-169.72,75.0,-137.31,50.0,-93.44,101.8,-91.1,0.0,-133.4900000000001,38.283206501025646,-169.6283333333333,-160.3946652148594,-73.52,0.0,-20.0,-66.7,0.0,-9.5,0.0
-161.10999999999999,845.69,8,3,1,-898.46,2680.01,-169.72,75.0,-137.31,50.0,-146.57999999999998,1586.51,-401.8300000000001,430.3993723276093,-300.2966666666666,-529.4273326074297,-78.46000000000001,0.0,-20.0,-800.0,0.0,0.0,0.0
-684.88,205.0,9,3,1,-161.10999999999999,845.69,-898.46,2680.01,-169.72,75.0,-65.5,75.0,-409.7633333333334,423.24562258023815,-294.1666666666667,-345.26866630371484,-33.9,0.0,-40.0,-32.71,0.0,-54.5,0.0
-132.6,100.0,10,4,0,-684.88,205.0,-161.10999999999999,845.69,-898.46,2680.01,-178.97,90.0,-581.4833333333335,379.39347468470424,-357.4866666666667,-515.0743331518574,0.0,0.0,-20.0,-28.0,0.0,-221.58,-415.3
-69.95,400.0,11,4,0,-132.6,100.0,-684.88,205.0,-161.10999999999999,845.69,-111.81,65.0,-326.1966666666668,310.9557930531821,-364.0133333333333,-323.83716657592873,-60.2,0.0,-20.0,-24.0,0.0,-28.4,0.0
-225.29,475.0,12,4,0,-69.95,400.0,-132.6,100.0,-684.88,205.0,-191.94,135.0,-295.81000000000006,338.3974797482985,-352.78666666666663,-196.89358328796436,-43.95,0.0,-20.0,-6.0,0.0,0.0,0.0
